case_id,arm,stage,family,state,entry_mode,unresolved_obligation,owner,applicable,explicit_method,owner_source,required_implicit_owner,entry_match,owner_match,route_match,joint_match,first_divergence,final_route,reason,call_keys
L01,source,native_failed,direct,technical_failure,error:provider_error,error:provider_error,not_run,not_run,,not_reached,False,,,,,not_scored,llm_fallback,entry_mode:provider_error,"[""b81fa2b2fc481f2afaf173e6a340e5bd09e2ea24004983bf89fb66709d5c95b0""]"
L01,english,unrun,direct,unrun,not_run,not_run,not_run,not_run,,not_reached,False,,,,,not_scored,,,[]
L02,source,backup_failed,direct,technical_failure,error:provider_error,error:provider_error,not_run,not_run,,not_reached,False,,,,,not_scored,llm_fallback,entry_mode:provider_error,"[""ef38a668cc69067db50ca40be7dbfefd9941b8d5937d88a2d38d5eb60e0efda5""]"
L02,english,unrun,direct,unrun,not_run,not_run,not_run,not_run,,not_reached,False,,,,,not_scored,,,[]
L03,source,native_strict,direct,semantic_observed,direct_execution,clear,not_run,not_run,,not_reached,False,True,,True,True,none,direct_execute,fact_sufficient_low_risk_direct_task,"[""c61196dfc1979bc6a15aade8224d9be4e5a92d357e159bb6c44b0dbfd1ad65a7""]"
L03,english,native_strict,direct,semantic_observed,direct_execution,clear,not_run,not_run,,not_reached,False,True,,True,True,none,direct_execute,fact_sufficient_low_risk_direct_task,"[""6539f1fe670cfcabf074eb53c0533e9107beb86a8084c9927e1177244c032dce""]"
L04,source,native_strict,direct,semantic_observed,direct_execution,clear,not_run,not_run,,not_reached,False,True,,True,True,none,direct_execute,fact_sufficient_low_risk_direct_task,"[""c97f1f6c9b4cfa19173ff08694763e9074c1c6bdd38debc58e8d47eed35ee684""]"
L04,english,native_strict,direct,semantic_observed,direct_execution,clear,not_run,not_run,,not_reached,False,True,,True,True,none,direct_execute,fact_sufficient_low_risk_direct_task,"[""42ae26d85405c286c154c1ff0c4642704f9f8be39cc3a00df8f8d032e1f09686""]"
L05,source,native_strict,missing_facts,semantic_observed,acquire_information,clear,not_run,not_run,,not_reached,False,True,,True,True,none,acquire_information,decision_critical_information_required,"[""2860723f855db13f6233377e27c061dc3ef87b248e4395abdfc7426752a9d0ec""]"
L05,english,native_strict,missing_facts,semantic_observed,acquire_information,clear,not_run,not_run,,not_reached,False,True,,True,True,none,acquire_information,decision_critical_information_required,"[""534a6cb0ee4a724c80b81299010077ec432b912c633786ffedfeae090403e881""]"
L06,source,native_strict,missing_facts,semantic_observed,acquire_information,clear,not_run,not_run,,not_reached,False,True,,True,True,none,acquire_information,decision_critical_information_required,"[""ada80f0be9391a56170f43440223da7d5f671e488dd0d52e7ce571b849e5fcc9""]"
L06,english,native_strict,missing_facts,semantic_observed,acquire_information,clear,not_run,not_run,,not_reached,False,True,,True,True,none,acquire_information,decision_critical_information_required,"[""d2af3ed49d0db4483cbf6f1f4f7b5d162eb0bf51b1021039450fd284c133572e""]"
L07,source,native_strict,missing_facts,semantic_observed,acquire_information,clear,not_run,not_run,,not_reached,False,True,,True,True,none,acquire_information,decision_critical_information_required,"[""26064c347a24381ecb3f378332fc67b976c454bb7d270017527802f4d59274ff""]"
L07,english,native_strict,missing_facts,semantic_observed,acquire_information,clear,not_run,not_run,,not_reached,False,True,,True,True,none,acquire_information,decision_critical_information_required,"[""08f5eae2a7385779b302146ae97e7ff73a4d3e4d4c60273f71855c02feb19748""]"
L08,source,native_strict,missing_facts,semantic_observed,acquire_information,clear,not_run,not_run,,not_reached,False,True,,True,True,none,acquire_information,decision_critical_information_required,"[""00c5a652a3fd2303605c7911bb78ad20122d6921b210c9b29bd5c853f0bda5c1""]"
L08,english,native_strict,missing_facts,semantic_observed,acquire_information,clear,not_run,not_run,,not_reached,False,True,,True,True,none,acquire_information,decision_critical_information_required,"[""ac7ccb6dabedf42f730d3b2524d168087773e4603d7f805c9c7b14a313066a0f""]"
L09,source,native_strict,sra,semantic_observed,acquire_information,clear,not_run,not_run,,not_reached,True,False,,False,False,J1_entry,acquire_information,decision_critical_information_required,"[""b1c78827923c59211432e80c8077390d15d096bdf36edbe15d0260a1c3b4cb09""]"
L09,english,native_strict,sra,semantic_observed,mindthus_intervention,clear,sra,yes,,model_choice,True,True,True,True,True,none,intervene,eligible_owner_selected,"[""b32f281410ac26f26ed7160115b7216b7e1bdfb10460b96b769a0da714923fc6"", ""6afba3b2a31cc4ec0f24c16d7f120615373cf0749e194c2aa3a934e6d17fc6b1"", ""5b6da7bd75025f24f3c508d7ffc43eecc9e33c04db38a76e79efa977d562f439""]"
L10,source,native_strict,sra,semantic_observed,mindthus_intervention,clear,sra,yes,,model_choice,True,True,True,True,True,none,intervene,eligible_owner_selected,"[""78bb73f42e9c92b3844311c863fcd246a067932880fd9d0d5848c00635999859"", ""86979961b9363b0be4d07345fb6a23890fb84ef610cd19d1c5687d0786a35702"", ""1f4b45b3bf7ac927e4c980ef2f49a6d12e9df94004ec880a1ce9a69e840f8d1e""]"
L10,english,native_strict,sra,semantic_observed,mindthus_intervention,clear,sra,yes,,model_choice,True,True,True,True,True,none,intervene,eligible_owner_selected,"[""d92abf87c046eb0c4be8e6e9cb935177452550ca0a7fc3d3f628f8c4668c8437"", ""ff83d9510b16c0667f0ed3804d42d5215106ca9fa9082ab833aa92104a629a4b"", ""bbb0d3e44876ce2e1bb5755347c91c72866aab37dc3254ba71a8fed265b3f260""]"
L11,source,native_strict,sra,semantic_observed,mindthus_intervention,clear,sra,yes,,model_choice,True,True,True,True,True,none,intervene,eligible_owner_selected,"[""836771095b4c199766c4dea347fb7753627eeea48878051c529e9db25c0f7ca1"", ""b034bedadf4ea33fea7889fd294fa5a012762e18f1e48e3e4d6df66270e793a5"", ""010c2ce7f3a3e67203342ebb49bcbe4dca36c022ecafda5679d4ae8f3ad513b8""]"
L11,english,native_strict,sra,semantic_observed,acquire_information,clear,not_run,not_run,,not_reached,True,False,,False,False,J1_entry,acquire_information,decision_critical_information_required,"[""0c7c7fe97b2db669a6ae37e2fa05e6c4887b016b280d4414d789a87a0a3ef95f""]"
L12,source,native_strict,sra,semantic_observed,mindthus_intervention,clear,sra,yes,,model_choice,True,True,True,True,True,none,intervene,eligible_owner_selected,"[""8f8626c9fc1213679cefa7919f8f4ed263bd27745cdc6275adea28730a97428a"", ""f3fac7a44e94e817b09867e32953fa17b2c28a4b640f1e4930aaeb02ebe7d0c4"", ""900fd756f9cd43102dffc83e48c30766d15773cc3dacf72cda9da164353bd6be""]"
L12,english,native_strict,sra,semantic_observed,mindthus_intervention,clear,sra,yes,,model_choice,True,True,True,True,True,none,intervene,eligible_owner_selected,"[""2b963b144c41d11f6e46ca2b2c6211f5e80fa8e2fca0b003adfb50bb09a1ed03"", ""412b8af6dcaee288bd97edfb2f70e3bae6e6c9eee9eaf84191887d82168f77c3"", ""35f6bb4696cab55fc47af0e0d4f50abe4779e7ccf2ce2e8e21b517f3b06a10a5""]"
L13,source,native_strict,edsp,semantic_observed,direct_execution,clear,not_run,not_run,,not_reached,False,True,,True,True,none,direct_execute,fact_sufficient_low_risk_direct_task,"[""ac5227b3965137940dbdc47c89591cfcdb614cf01c6dbb23bcf5887db3b80bce""]"
L13,english,native_strict,edsp,semantic_observed,direct_execution,clear,not_run,not_run,,not_reached,False,True,,True,True,none,direct_execute,fact_sufficient_low_risk_direct_task,"[""fccefedd82657a2177977f378ce0cb881bf4d0177457834f8382c0441ea37def""]"
L14,source,native_strict,edsp,semantic_observed,mindthus_intervention,clear,edsp,yes,,model_choice,True,True,True,True,True,none,intervene,eligible_owner_selected,"[""75b567e2077d4d2603b32fe8334517037dd83e4f329bbfe7f4f593ec3623fb22"", ""679a89a59d5cd5d754b4563c0dac020409ee2d7e7df240814744355dc07723e3"", ""413209f62b76e2a0bb75dedf7dd185434b232dc998bb78901bd2b49a9ec85c76""]"
L14,english,native_strict,edsp,semantic_observed,direct_execution,clear,not_run,not_run,,not_reached,True,False,,False,False,J1_entry,direct_execute,fact_sufficient_low_risk_direct_task,"[""b8b799c7fa68711e3ce59b95b7831d1fce749918ed1217c58cb63cc4ca96c4e3""]"
L15,source,native_strict,edsp,semantic_observed,mindthus_intervention,clear,edsp,yes,,model_choice,True,True,True,True,True,none,intervene,eligible_owner_selected,"[""a910b2214791d26f534dee427792ebf00784cfa0bbc70a45a1ccfd3f59b76a78"", ""331a3f2a7848a2b4be9de713899c8068edb49c83eda86b55e648bff728612b7a"", ""d1af08913e202b3afb9473abfe4f7ae4487d05fa466270c181806c196260b022""]"
L15,english,native_strict,edsp,semantic_observed,direct_execution,clear,not_run,not_run,,not_reached,True,False,,False,False,J1_entry,direct_execute,fact_sufficient_low_risk_direct_task,"[""85aa182e7be6bb8848fc757aa8181bccb6a4b53e90fc5f4f0568067d92a39476""]"
L16,source,native_strict,edsp,semantic_observed,direct_execution,clear,not_run,not_run,,not_reached,False,True,,True,True,none,direct_execute,fact_sufficient_low_risk_direct_task,"[""5400af771812b6b53dc33100a7d421f1c23ddacf781fde66b9272fd8a7d65bc0""]"
L16,english,native_strict,edsp,semantic_observed,direct_execution,clear,not_run,not_run,,not_reached,False,True,,True,True,none,direct_execute,fact_sufficient_low_risk_direct_task,"[""8ede252a166db06e93b2fd22651ec659471185c07df2f9a62776b55834f5a80c""]"
L17,source,native_strict,sela_mpg,technical_failure,error:provider_error,error:provider_error,not_run,not_run,,not_reached,True,,,,,not_scored,llm_fallback,entry_mode:provider_error,"[""4109e6436eca7cbf24437bedff9bd6f8015f6d6f630786515dc3cd6e19d7c932""]"
L17,english,unrun,sela_mpg,unrun,not_run,not_run,not_run,not_run,,not_reached,True,,,,,not_scored,,,[]
L18,source,native_rounding,sela_mpg,semantic_observed,direct_execution,clear,not_run,not_run,,not_reached,True,False,,False,False,J1_entry,direct_execute,fact_sufficient_low_risk_direct_task,"[""570c8c176a0123e6a124c4945137e76c4ae5580e7140fc8897d62dbfc8e36e97""]"
L18,english,native_rounding,sela_mpg,semantic_observed,direct_execution,clear,not_run,not_run,,not_reached,True,False,,False,False,J1_entry,direct_execute,fact_sufficient_low_risk_direct_task,"[""d778d7d14e45a588d39db335d0c258769fdd16d7c158c1b5756d89cd00f51a07""]"
L19,source,native_rounding,sela_mpg,semantic_observed,mindthus_intervention,clear,sela,yes,,model_choice,True,True,False,True,False,J4_owner,intervene,eligible_owner_selected,"[""3d56f771dbeca40af689290c9fa438072b5f94c2eda149e5befa39b5012ff6da"", ""bbafada05084f092ff6446bab29b638e87185beea2a42a8cd2fe9ce62bc71566"", ""fec4af6d41a770fad36d107a5fcfceff345b5ae11d2117864937bf1ff03d6c76""]"
L19,english,native_rounding,sela_mpg,semantic_observed,mindthus_intervention,clear,mpg,yes,,model_choice,True,True,True,True,True,none,intervene,eligible_owner_selected,"[""fedecafac732733ed3f373fff1e39a588e5297d270df57825bedaab8d096ddd4"", ""dc1346549fc56a176d888ce85d2b76f29161b53cdea14fb4c5b448bbd50954f7"", ""df6371902f8775243a3e3cdbed8850222eb8dbf78ca49267b017137a9a0b1d59""]"
L20,source,native_rounding,sela_mpg,semantic_observed,mindthus_intervention,clear,mpg,yes,,model_choice,True,True,True,True,True,none,intervene,eligible_owner_selected,"[""8365401fa1fe92bb99474f9d524cc34d9f1c121710de61f75508424f832c1a45"", ""28c26babd5af46c6ce0e2e68ca610d4289e7fc983cdcaaef0384b0f711b1f2d3"", ""a75db16739d0a4392d2e0ffaed3005357b4de93c98730e853486caeec97a48c7""]"
L20,english,native_rounding,sela_mpg,semantic_observed,mindthus_intervention,clear,mpg,yes,,model_choice,True,True,True,True,True,none,intervene,eligible_owner_selected,"[""1ad10d49f4bc0aa6117c5ac2096c85f6471aea69b9f6ecf907a8cb553ca4e57c"", ""a10ab270afae59a9bb645c4387f489dd13735d2a7b62258fe76e0aab624323c0"", ""cad15b4abc21cd7510c7a1e7bbb8b34a600713847fe408bbfe8ece5e6b6c894e""]"
L21,source,native_rounding,wae_boundary,semantic_observed,mindthus_intervention,clear,wae,yes,,model_choice,True,True,True,True,True,none,intervene,eligible_owner_selected,"[""be226a845c2f2b64dd3c53d31307f901a1000206f4aebdf7315b4e32786e9740"", ""13b2053788aef551b46f6075232dd967f65f08099b7aa81f4b345bf033a24492"", ""9357774404594735001449ad090f1b93019e8a8ebe56cfed575de9397ed1f6da""]"
L21,english,native_rounding,wae_boundary,semantic_observed,mindthus_intervention,clear,wae,yes,,model_choice,True,True,True,True,True,none,intervene,eligible_owner_selected,"[""9fcb023561c0f047fe8abfc781756af3a7ec4bd8f5c7a44f71920ec96b54a927"", ""2d176b6230c8c8bd3feba4d7578ccbc57c84f8e09408cd5f5ef56c94fe68fe33"", ""02b3df721cbcfd576e10ecea4de84cdbc74a610f79ccd8d302cd296fe501422b""]"
L22,source,native_rounding,wae_boundary,semantic_observed,mindthus_intervention,present,not_run,not_run,,not_reached,True,True,,False,False,J2_block,llm_fallback,unresolved_or_conflicting_judgment,"[""4b710728744ec12abec5494441f64c370e0bb2eab5938c84effb0a5e916a3fda""]"
L22,english,native_rounding,wae_boundary,semantic_observed,mindthus_intervention,present,not_run,not_run,,not_reached,True,True,,False,False,J2_block,llm_fallback,unresolved_or_conflicting_judgment,"[""6a03de73e1350e7154cb253dea033471c012f6f930f5397961fc9d702fe4b697""]"
L23,source,native_rounding,wae_boundary,semantic_observed,direct_execution,clear,not_run,not_run,,not_reached,False,True,,True,True,none,direct_execute,fact_sufficient_low_risk_direct_task,"[""762a8e96c893aba22c134fb10038410a947b33a911f479274692e19c22e42413""]"
L23,english,native_rounding,wae_boundary,semantic_observed,direct_execution,clear,not_run,not_run,,not_reached,False,True,,True,True,none,direct_execute,fact_sufficient_low_risk_direct_task,"[""1e8c8ea9552e9134b46474f4c728762b9c0a70d0543f162c65d994e1c6e8868d""]"
L24,source,native_rounding,wae_boundary,semantic_observed,direct_execution,clear,not_run,not_run,,not_reached,False,True,,True,True,none,direct_execute,fact_sufficient_low_risk_direct_task,"[""60b5444952f003d0765037edf006e2d878bdb560794b326f817fb8b8648de122""]"
L24,english,native_rounding,wae_boundary,semantic_observed,direct_execution,clear,not_run,not_run,,not_reached,False,True,,True,True,none,direct_execute,fact_sufficient_low_risk_direct_task,"[""bf9d39280b6f0ca60dcf97804039c0983a68c3deb102f065ecdf5b4e3030133f""]"
L25,source,native_rounding,explicit_method,semantic_observed,mindthus_intervention,clear,not_run,yes,sra,explicit_binding,False,True,,True,True,none,intervene,eligible_owner_selected,"[""7f2c42f68b5bc3f68695e5e93d15a255b0464583e4bbe5a99f0c6557ac7f4049"", ""2ecd637b5ecbe942b32324c33b1a4a49795c12db112d0a24bac72f0197b5eb41""]"
L25,english,native_rounding,explicit_method,semantic_observed,mindthus_intervention,clear,not_run,yes,sra,explicit_binding,False,True,,True,True,none,intervene,eligible_owner_selected,"[""6991ba8e9a5d55e016303fb393abd74b09ed242d7a60f2e28e53d4b2676917b7"", ""1258a4d55e7db7faa9530d17fbc8010c2bdd6b450a1560e60518492799842beb""]"
L26,source,native_rounding,explicit_method,semantic_observed,direct_execution,clear,not_run,not_run,edsp,not_reached,False,False,,False,False,J1_entry,llm_fallback,explicit_method_conflicts_with_direct,"[""53a8911384167e06c8f113c9c0e5ed662a7e5961da25c4d91b6defc9defe7181""]"
L26,english,native_rounding,explicit_method,semantic_observed,mindthus_intervention,clear,not_run,yes,edsp,explicit_binding,False,True,,True,True,none,intervene,eligible_owner_selected,"[""8e439f40e44309f35413b7defbdddcff3cd2ed85e18bd2fd40f3830900aab8fd"", ""59f2cb037de974e8c2e51a40f16c74ade75a2a6f3693233bd2d196e43e6ae25d""]"
L27,source,native_rounding,explicit_method,semantic_observed,direct_execution,clear,not_run,not_run,wae,not_reached,False,False,,True,False,J1_entry,llm_fallback,explicit_method_conflicts_with_direct,"[""e84cd45593a427f9babc838236c4bd4b607e138db44304ffc940a4a0ead8d68b""]"
L27,english,native_rounding,explicit_method,semantic_observed,direct_execution,clear,not_run,not_run,wae,not_reached,False,False,,True,False,J1_entry,llm_fallback,explicit_method_conflicts_with_direct,"[""11258adec403d3ce5acd288c9db0fd54902c98d38d34a555ff92f94842d0f4a4""]"
L28,source,native_rounding,explicit_method,semantic_observed,direct_execution,clear,not_run,not_run,mpg,not_reached,False,False,,True,False,J1_entry,llm_fallback,explicit_method_conflicts_with_direct,"[""5d4f24e714d1b75caa4f34c58a18c72895fb6791558321d1fd9cff36f8475274""]"
L28,english,native_rounding,explicit_method,semantic_observed,direct_execution,clear,not_run,not_run,mpg,not_reached,False,False,,True,False,J1_entry,llm_fallback,explicit_method_conflicts_with_direct,"[""4bba1832cfa1993c5f3d8545e62df207131177d75689f677bfc18416deea42c9""]"
L29,source,native_rounding,obligation_d0,semantic_observed,acquire_information,present,not_run,not_run,,not_reached,False,True,,True,True,none,llm_fallback,unresolved_or_conflicting_judgment,"[""18dca8975032665f8bf7ebb2d6b4901fd1248563c64dae38797954e1ea8355cb""]"
L29,english,native_rounding,obligation_d0,semantic_observed,acquire_information,present,not_run,not_run,,not_reached,False,True,,True,True,none,llm_fallback,unresolved_or_conflicting_judgment,"[""5cb72c0e1a9f3e48e709d5ba17577a494712e3a27b63716f439e4dcea54322c4""]"
L30,source,native_rounding,obligation_d0,mechanical_d0,not_run,not_run,not_run,not_run,,not_reached,False,,,,,not_scored,original_path,stale_or_unknown_context,[]
L30,english,native_rounding,obligation_d0,mechanical_d0,not_run,not_run,not_run,not_run,,not_reached,False,,,,,not_scored,original_path,stale_or_unknown_context,[]
L31,source,native_rounding,obligation_d0,mechanical_d0,not_run,not_run,not_run,not_run,,not_reached,False,,,,,not_scored,original_path,missing_request,[]
L31,english,native_rounding,obligation_d0,mechanical_d0,not_run,not_run,not_run,not_run,,not_reached,False,,,,,not_scored,original_path,missing_request,[]
L32,source,native_rounding,obligation_d0,semantic_observed,direct_execution,clear,not_run,not_run,,not_reached,False,True,,True,True,none,direct_execute,fact_sufficient_low_risk_direct_task,"[""b5484e73e28becf01f02fb737e86626cf060b3136e2498798884b2bb31b8d9e0""]"
L32,english,native_rounding,obligation_d0,semantic_observed,direct_execution,clear,not_run,not_run,,not_reached,False,True,,True,True,none,direct_execute,fact_sufficient_low_risk_direct_task,"[""3422956e22fbef678927c39d72073af2df4205124a81ff62c4d27697744bc338""]"
